dt_iso,city_name,temp,temp_min,temp_max,pressure,humidity,wind_speed,wind_deg,rain_1h,rain_3h,snow_3h,clouds_all,weather_id,weather_main,weather_description,weather_icon
2015-01-01 00:00:00+01:00,Valencia,270.475,270.475,270.475,1001,77,1,62,0,0,0,0,800,clear,sky is clear,01n
2015-01-01 01:00:00+01:00,Valencia,270.475,270.475,270.475,1001,77,1,62,0,0,0,0,800,clear,sky is clear,01n
2015-01-01 02:00:00+01:00,Valencia,269.686,269.686,269.686,1002,78,0,23,0,0,0,0,800,clear,sky is clear,01n
2015-01-01 03:00:00+01:00,Valencia,269.686,269.686,269.686,1002,78,0,23,0,0,0,0,800,clear,sky is clear,01n
2015-01-01 04:00:00+01:00,Valencia,269.686,269.686,269.686,1002,78,0,23,0,0,0,0,800,clear,sky is clear,01n
2015-01-01 05:00:00+01:00,Valencia,270.29200000000003,270.29200000000003,270.29200000000003,1004,71,2,321,0,0,0,0,800,clear,sky is clear,01n
2015-01-01 06:00:00+01:00,Valencia,270.29200000000003,270.29200000000003,270.29200000000003,1004,71,2,321,0,0,0,0,800,clear,sky is clear,01n
2015-01-01 07:00:00+01:00,Valencia,270.29200000000003,270.29200000000003,270.29200000000003,1004,71,2,321,0,0,0,0,800,clear,sky is clear,01n
2015-01-01 08:00:00+01:00,Valencia,274.601,274.601,274.601,1005,71,1,307,0,0,0,0,800,clear,sky is clear,01d
2015-01-01 09:00:00+01:00,Valencia,274.601,274.601,274.601,1005,71,1,307,0,0,0,0,800,clear,sky is clear,01d
2015-01-01 10:00:00+01:00,Valencia,274.601,274.601,274.601,1005,71,1,307,0,0,0,0,800,clear,sky is clear,01d
2015-01-01 11:00:00+01:00,Valencia,284.824,284.824,284.824,1006,55,1,255,0,0,0,0,800,clear,sky is clear,01d
2015-01-01 12:00:00+01:00,Valencia,284.824,284.824,284.824,1006,55,1,255,0,0,0,0,800,clear,sky is clear,01d
2015-01-01 13:00:00+01:00,Valencia,284.824,284.824,284.824,1006,55,1,255,0,0,0,0,800,clear,sky is clear,01d
2015-01-01 14:00:00+01:00,Valencia,285.0506563,285.0506563,285.0506563,1015,52,1,248,0,0,0,0,800,clear,sky is clear,01
2015-01-01 15:00:00+01:00,Valencia,285.2773438,285.2773438,285.2773438,1025,50,1,242,0,0,0,0,800,clear,sky is clear,01
2015-01-01 16:00:00+01:00,Valencia,281.024,281.024,281.024,1021,67,1,230,0,0,0,0,800,clear,sky is clear,01
2015-01-01 17:00:00+01:00,Valencia,282.744,282.744,282.744,1035,58,1,226,0,0,0,0,800,clear,sky is clear,01
2015-01-01 18:00:00+01:00,Valencia,279.98400000000004,279.98400000000004,279.98400000000004,1035,68,1,216,0,0,0,0,800,clear,sky is clear,01
2015-01-01 19:00:00+01:00,Valencia,277.8761875,277.8761875,277.8761875,1017,69,1,235,0,0,0,0,800,clear,sky is clear,01
2015-01-01 20:00:00+01:00,Valencia,275.0075,275.0075,275.0075,1021,81,1,220,0,0,0,0,800,clear,sky is clear,01
2015-01-01 21:00:00+01:00,Valencia,272.791,272.791,272.791,1006,84,1,235,0,0,0,0,800,clear,sky is clear,01n
2015-01-01 22:00:00+01:00,Valencia,272.791,272.791,272.791,1006,84,1,235,0,0,0,0,800,clear,sky is clear,01n
2015-01-01 23:00:00+01:00,Valencia,271.22900000000004,271.22900000000004,271.22900000000004,1006,82,1,265,0,0,0,0,800,clear,sky is clear,01n
2015-01-02 00:00:00+01:00,Valencia,271.22900000000004,271.22900000000004,271.22900000000004,1006,82,1,265,0,0,0,0,800,clear,sky is clear,01n
2015-01-02 01:00:00+01:00,Valencia,271.22900000000004,271.22900000000004,271.22900000000004,1006,82,1,265,0,0,0,0,800,clear,sky is clear,01n
2015-01-02 02:00:00+01:00,Valencia,270.664,270.664,270.664,1005,82,1,275,0,0,0,0,800,clear,sky is clear,01n
2015-01-02 03:00:00+01:00,Valencia,270.664,270.664,270.664,1005,82,1,275,0,0,0,0,800,clear,sky is clear,01n
2015-01-02 04:00:00+01:00,Valencia,270.664,270.664,270.664,1005,82,1,275,0,0,0,0,800,clear,sky is clear,01n
2015-01-02 05:00:00+01:00,Valencia,270.277,270.277,270.277,1006,78,1,284,0,0,0,0,800,clear,sky is clear,01n
2015-01-02 06:00:00+01:00,Valencia,270.277,270.277,270.277,1006,78,1,284,0,0,0,0,800,clear,sky is clear,01n
2015-01-02 07:00:00+01:00,Valencia,270.277,270.277,270.277,1006,78,1,284,0,0,0,0,800,clear,sky is clear,01n
2015-01-02 08:00:00+01:00,Valencia,274.43,274.43,274.43,1007,70,2,289,0,0,0,0,800,clear,sky is clear,01d
2015-01-02 09:00:00+01:00,Valencia,274.43,274.43,274.43,1007,70,2,289,0,0,0,0,800,clear,sky is clear,01d
2015-01-02 10:00:00+01:00,Valencia,274.43,274.43,274.43,1007,70,2,289,0,0,0,0,800,clear,sky is clear,01d
2015-01-02 11:00:00+01:00,Valencia,285.595,285.595,285.595,1007,52,1,265,0,0,0,0,800,clear,sky is clear,01d
2015-01-02 12:00:00+01:00,Valencia,286.3040000000001,286.3040000000001,286.3040000000001,1022,44,1,289,0,0,0,0,800,clear,sky is clear,01
2015-01-02 13:00:00+01:00,Valencia,285.595,285.595,285.595,1007,52,1,265,0,0,0,0,800,clear,sky is clear,01d
2015-01-02 14:00:00+01:00,Valencia,287.2833125,287.2833125,287.2833125,1036,37,1,275,0,0,0,0,800,clear,sky is clear,01
2015-01-02 15:00:00+01:00,Valencia,287.5536875,287.5536875,287.5536875,1036,37,1,236,0,0,0,0,800,clear,sky is clear,01
2015-01-02 16:00:00+01:00,Valencia,282.42,282.42,282.42,1037,54,1,253,0,0,0,0,800,clear,sky is clear,01
2015-01-02 17:00:00+01:00,Valencia,284.4916563,284.4916563,284.4916563,1036,48,1,196,0,0,0,0,800,clear,sky is clear,01
2015-01-02 18:00:00+01:00,Valencia,281.1593438,281.1593438,281.1593438,1036,59,1,194,0,0,0,0,800,clear,sky is clear,01
2015-01-02 19:00:00+01:00,Valencia,277.545,277.545,277.545,1006,81,1,226,0,0,0,0,800,clear,sky is clear,01n
2015-01-02 20:00:00+01:00,Valencia,275.707,275.707,275.707,1022,75,1,227,0,0,0,0,800,clear,sky is clear,01
2015-01-02 21:00:00+01:00,Valencia,273.587,273.587,273.587,1007,79,1,262,0,0,0,0,800,clear,sky is clear,01n
2015-01-02 22:00:00+01:00,Valencia,273.587,273.587,273.587,1007,79,1,262,0,0,0,0,800,clear,sky is clear,01n
2015-01-02 23:00:00+01:00,Valencia,272.333,272.333,272.333,1007,78,1,271,0,0,0,0,800,clear,sky is clear,01n
2015-01-03 00:00:00+01:00,Valencia,272.333,272.333,272.333,1007,78,1,271,0,0,0,0,800,clear,sky is clear,01
2015-01-03 01:00:00+01:00,Valencia,272.333,272.333,272.333,1007,78,1,271,0,0,0,0,800,clear,sky is clear,01n
2015-01-03 02:00:00+01:00,Valencia,271.967,271.967,271.967,1006,80,1,266,0,0,0,8,800,clear,sky is clear,02n
2015-01-03 03:00:00+01:00,Valencia,271.967,271.967,271.967,1006,80,1,266,0,0,0,8,800,clear,sky is clear,02n
2015-01-03 04:00:00+01:00,Valencia,271.967,271.967,271.967,1006,80,1,266,0,0,0,8,800,clear,sky is clear,02n
2015-01-03 05:00:00+01:00,Valencia,271.969,271.969,271.969,1005,80,2,265,0,0,0,12,801,clouds,few clouds,02n
2015-01-03 06:00:00+01:00,Valencia,271.969,271.969,271.969,1005,80,2,265,0,0,0,12,801,clouds,few clouds,02n
2015-01-03 07:00:00+01:00,Valencia,271.969,271.969,271.969,1005,80,2,265,0,0,0,12,801,clouds,few clouds,02n
2015-01-03 08:00:00+01:00,Valencia,275.827,275.827,275.827,1006,78,2,261,0,0,0,0,800,clear,sky is clear,01d
2015-01-03 09:00:00+01:00,Valencia,275.827,275.827,275.827,1006,78,2,261,0,0,0,0,800,clear,sky is clear,01d
2015-01-03 10:00:00+01:00,Valencia,275.827,275.827,275.827,1006,78,2,261,0,0,0,0,800,clear,sky is clear,01d
2015-01-03 11:00:00+01:00,Valencia,287.968,287.968,287.968,1005,51,2,272,0,0,0,0,800,clear,sky is clear,01d
2015-01-03 12:00:00+01:00,Valencia,287.968,287.968,287.968,1005,51,2,272,0,0,0,0,800,clear,sky is clear,01d
2015-01-03 13:00:00+01:00,Valencia,287.968,287.968,287.968,1005,51,2,272,0,0,0,0,800,clear,sky is clear,01d
2015-01-03 14:00:00+01:00,Valencia,287.968,287.968,287.968,1005,51,2,272,0,0,0,0,800,clear,sky is clear,01d
2015-01-03 15:00:00+01:00,Valencia,290.323,290.323,290.323,1003,51,2,260,0,0,0,0,800,clear,sky is clear,01d
2015-01-03 16:00:00+01:00,Valencia,288.18425,288.18425,288.18425,1010,55,2,261,0,0,0,0,800,clear,sky is clear,01
2015-01-03 17:00:00+01:00,Valencia,287.5973125,287.5973125,287.5973125,1032,53,2,265,0,0,0,0,800,clear,sky is clear,01
2015-01-03 18:00:00+01:00,Valencia,284.6826875,284.6826875,284.6826875,1032,60,2,264,0,0,0,0,800,clear,sky is clear,01
2015-01-03 19:00:00+01:00,Valencia,281.768,281.768,281.768,1003,72,2,264,0,0,0,0,800,clear,sky is clear,01n
2015-01-03 20:00:00+01:00,Valencia,277.502,277.502,277.502,1003,79,2,272,0,0,0,0,800,clear,sky is clear,01n
2015-01-03 21:00:00+01:00,Valencia,277.502,277.502,277.502,1003,79,2,272,0,0,0,0,800,clear,sky is clear,01n
2015-01-03 22:00:00+01:00,Valencia,277.502,277.502,277.502,1003,79,2,272,0,0,0,0,800,clear,sky is clear,01n
2015-01-03 23:00:00+01:00,Valencia,276.168,276.168,276.168,1003,78,2,278,0,0,0,0,800,clear,sky is clear,01n
2015-01-04 00:00:00+01:00,Valencia,276.168,276.168,276.168,1003,78,2,278,0,0,0,0,800,clear,sky is clear,01n
2015-01-04 01:00:00+01:00,Valencia,276.168,276.168,276.168,1003,78,2,278,0,0,0,0,800,clear,sky is clear,01n
2015-01-04 02:00:00+01:00,Valencia,275.243,275.243,275.243,1002,77,2,274,0,0,0,0,800,clear,sky is clear,01n
2015-01-04 03:00:00+01:00,Valencia,275.243,275.243,275.243,1002,77,2,274,0,0,0,0,800,clear,sky is clear,01n
2015-01-04 04:00:00+01:00,Valencia,275.243,275.243,275.243,1002,77,2,274,0,0,0,0,800,clear,sky is clear,01n
2015-01-04 05:00:00+01:00,Valencia,274.779,274.779,274.779,1002,75,2,282,0,0,0,0,800,clear,sky is clear,01n
2015-01-04 06:00:00+01:00,Valencia,274.779,274.779,274.779,1002,75,2,282,0,0,0,0,800,clear,sky is clear,01n
2015-01-04 07:00:00+01:00,Valencia,274.779,274.779,274.779,1002,75,2,282,0,0,0,0,800,clear,sky is clear,01n
2015-01-04 08:00:00+01:00,Valencia,277.761,277.761,277.761,1003,74,1,285,0,0,0,0,800,clear,sky is clear,01d
2015-01-04 09:00:00+01:00,Valencia,277.761,277.761,277.761,1003,74,1,285,0,0,0,0,800,clear,sky is clear,01d
2015-01-04 10:00:00+01:00,Valencia,277.761,277.761,277.761,1003,74,1,285,0,0,0,0,800,clear,sky is clear,01d
2015-01-04 11:00:00+01:00,Valencia,277.761,277.761,277.761,1003,74,1,285,0,0,0,0,800,clear,sky is clear,01d
2015-01-04 12:00:00+01:00,Valencia,288.936,288.936,288.936,1002,57,1,284,0,0,0,0,800,clear,sky is clear,01d
2015-01-04 13:00:00+01:00,Valencia,288.936,288.936,288.936,1002,57,1,284,0,0,0,0,800,clear,sky is clear,01d
2015-01-04 14:00:00+01:00,Valencia,289.305,289.305,289.305,1002,55,1,207,0,0,0,0,800,clear,sky is clear,01
2015-01-04 15:00:00+01:00,Valencia,289.6740000000001,289.6740000000001,289.6740000000001,1001,53,1,130,0,0,0,0,800,clear,sky is clear,01d
2015-01-04 16:00:00+01:00,Valencia,289.742,289.742,289.742,1001,57,1,173,0,0,0,0,800,clear,sky is clear,01d
2015-01-04 17:00:00+01:00,Valencia,285.2135,285.2135,285.2135,1001,74,1,132,0,0,0,0,800,clear,sky is clear,01
2015-01-04 18:00:00+01:00,Valencia,280.685,280.685,280.685,1002,92,2,92,0,0,0,0,800,clear,sky is clear,01n
2015-01-04 19:00:00+01:00,Valencia,278.057,278.057,278.057,1002,89,1,95,0,0,0,0,800,clear,sky is clear,01
2015-01-04 20:00:00+01:00,Valencia,275.42900000000003,275.42900000000003,275.42900000000003,1003,87,1,99,0,0,0,0,800,clear,sky is clear,01n
2015-01-04 21:00:00+01:00,Valencia,275.42900000000003,275.42900000000003,275.42900000000003,1018,91,1,99,0,0,0,0,800,clear,sky is clear,01
2015-01-04 22:00:00+01:00,Valencia,275.42900000000003,275.42900000000003,275.42900000000003,1003,87,1,99,0,0,0,0,800,clear,sky is clear,01n
2015-01-04 23:00:00+01:00,Valencia,274.5185,274.5185,274.5185,1018,91,1,224,0,0,0,0,800,clear,sky is clear,01
2015-01-05 00:00:00+01:00,Valencia,273.608,273.608,273.608,1003,86,1,349,0,0,0,0,800,clear,sky is clear,01n
2015-01-05 01:00:00+01:00,Valencia,273.608,273.608,273.608,1003,86,1,349,0,0,0,0,800,clear,sky is clear,01n
2015-01-05 02:00:00+01:00,Valencia,273.553,273.553,273.553,1003,84,2,317,0,0,0,0,800,clear,sky is clear,01n
2015-01-05 03:00:00+01:00,Valencia,273.553,273.553,273.553,1003,84,2,317,0,0,0,0,800,clear,sky is clear,01n
2015-01-05 04:00:00+01:00,Valencia,273.553,273.553,273.553,1003,84,2,317,0,0,0,0,800,clear,sky is clear,01n
2015-01-05 05:00:00+01:00,Valencia,273.61400000000003,273.61400000000003,273.61400000000003,1002,84,1,326,0,0,0,0,800,clear,sky is clear,01n
2015-01-05 06:00:00+01:00,Valencia,273.61400000000003,273.61400000000003,273.61400000000003,1002,84,1,326,0,0,0,0,800,clear,sky is clear,01n
2015-01-05 07:00:00+01:00,Valencia,273.61400000000003,273.61400000000003,273.61400000000003,1002,84,1,326,0,0,0,0,800,clear,sky is clear,01n
2015-01-05 08:00:00+01:00,Valencia,277.061,277.061,277.061,1002,83,1,324,0,0,0,0,800,clear,sky is clear,01d
2015-01-05 09:00:00+01:00,Valencia,277.061,277.061,277.061,1002,83,1,324,0,0,0,0,800,clear,sky is clear,01d
2015-01-05 10:00:00+01:00,Valencia,276.909,276.909,276.909,1001,84,1,299,0,0,0,0,800,clear,sky is clear,01d
2015-01-05 11:00:00+01:00,Valencia,286.983,286.983,286.983,1001,68,1,201,0,0,0,0,800,clear,sky is clear,01d
2015-01-05 12:00:00+01:00,Valencia,286.983,286.983,286.983,1001,68,1,201,0,0,0,0,800,clear,sky is clear,01d
2015-01-05 13:00:00+01:00,Valencia,286.983,286.983,286.983,1001,68,1,201,0,0,0,0,800,clear,sky is clear,01d
2015-01-05 14:00:00+01:00,Valencia,288.058,288.058,288.058,998,63,1,199,0,0,0,0,800,clear,sky is clear,01d
2015-01-05 15:00:00+01:00,Valencia,287.702,287.702,287.702,1013,64,1,174,0,0,0,0,800,clear,sky is clear,01
2015-01-05 16:00:00+01:00,Valencia,284.9120000000001,284.9120000000001,284.9120000000001,1010,76,1,169,0,0,0,0,800,clear,sky is clear,01
2015-01-05 17:00:00+01:00,Valencia,284.9616563,284.9616563,284.9616563,1028,76,1,141,0,0,0,0,800,clear,sky is clear,01
2015-01-05 18:00:00+01:00,Valencia,282.5773438,282.5773438,282.5773438,1028,86,1,133,0,0,0,0,800,clear,sky is clear,01
2015-01-05 19:00:00+01:00,Valencia,278.664,278.664,278.664,1005,84,1,118,0,0,0,0,800,clear,sky is clear,01
2015-01-05 20:00:00+01:00,Valencia,275.77,275.77,275.77,998,91,0,108,0,0,0,0,800,clear,sky is clear,01n
2015-01-05 21:00:00+01:00,Valencia,275.77,275.77,275.77,998,91,0,108,0,0,0,0,800,clear,sky is clear,01n
2015-01-05 22:00:00+01:00,Valencia,275.77,275.77,275.77,998,91,0,108,0,0,0,0,800,clear,sky is clear,01n
2015-01-05 23:00:00+01:00,Valencia,274.8905,274.8905,274.8905,997,88,1,196,0,0,0,0,800,clear,sky is clear,01
2015-01-06 00:00:00+01:00,Valencia,274.011,274.011,274.011,996,86,1,285,0,0,0,0,800,clear,sky is clear,01n
2015-01-06 01:00:00+01:00,Valencia,274.011,274.011,274.011,996,86,1,285,0,0,0,0,800,clear,sky is clear,01n
2015-01-06 02:00:00+01:00,Valencia,273.142,273.142,273.142,995,86,1,265,0,0,0,0,800,clear,sky is clear,01n
2015-01-06 03:00:00+01:00,Valencia,273.142,273.142,273.142,995,86,1,265,0,0,0,0,800,clear,sky is clear,01n
2015-01-06 04:00:00+01:00,Valencia,273.142,273.142,273.142,995,86,1,265,0,0,0,0,800,clear,sky is clear,01n
2015-01-06 04:00:00+01:00,Valencia,273.142,273.142,273.142,995,86,1,265,0,0,0,0,800,clear,sky is clear,01n
2015-01-06 05:00:00+01:00,Valencia,272.325,272.325,272.325,995,86,1,276,0,0,0,8,800,clear,sky is clear,02n
2015-01-06 06:00:00+01:00,Valencia,272.325,272.325,272.325,995,86,1,276,0,0,0,8,800,clear,sky is clear,02n
2015-01-06 07:00:00+01:00,Valencia,272.325,272.325,272.325,995,86,1,276,0,0,0,8,800,clear,sky is clear,02n
2015-01-06 08:00:00+01:00,Valencia,275.545,275.545,275.545,995,90,1,284,0,0,0,8,800,clear,sky is clear,02d
2015-01-06 09:00:00+01:00,Valencia,275.545,275.545,275.545,995,90,1,284,0,0,0,8,800,clear,sky is clear,02d
2015-01-06 10:00:00+01:00,Valencia,275.545,275.545,275.545,995,90,1,284,0,0,0,8,800,clear,sky is clear,02d
2015-01-06 11:00:00+01:00,Valencia,285.676,285.676,285.676,995,68,1,276,0,0,0,0,800,clear,sky is clear,01d
2015-01-06 12:00:00+01:00,Valencia,285.676,285.676,285.676,995,68,1,276,0,0,0,0,800,clear,sky is clear,01d
2015-01-06 13:00:00+01:00,Valencia,286.4,286.4,286.4,994,66,1,206,0,0,0,0,800,clear,sky is clear,01
2015-01-06 14:00:00+01:00,Valencia,287.124,287.124,287.124,994,64,0,136,0,0,0,0,800,clear,sky is clear,01d
2015-01-06 15:00:00+01:00,Valencia,287.124,287.124,287.124,994,64,0,136,0,0,0,0,800,clear,sky is clear,01d
2015-01-06 16:00:00+01:00,Valencia,283.237,283.237,283.237,995,79,0,110,0,0,0,4,800,clear,sky is clear,02
2015-01-06 17:00:00+01:00,Valencia,279.35,279.35,279.35,995,94,1,85,0,0,0,8,800,clear,sky is clear,02n
2015-01-06 18:00:00+01:00,Valencia,279.973,279.973,279.973,995,96,1,87,0,0,0,24,801,clouds,few clouds,02n
2015-01-06 19:00:00+01:00,Valencia,278.3905,278.3905,278.3905,996,95,1,78,0,0,0,44,802,clouds,scattered clouds,03
2015-01-06 20:00:00+01:00,Valencia,276.808,276.808,276.808,996,94,1,70,0,0,0,64,803,clouds,broken clouds,04n
2015-01-06 21:00:00+01:00,Valencia,276.808,276.808,276.808,1011,96,1,70,0,0,0,64,803,clouds,broken clouds,04
2015-01-06 22:00:00+01:00,Valencia,278.1633438,278.1633438,278.1633438,997,95,1,254,0,0,0,82,803,clouds,broken clouds,04
2015-01-06 23:00:00+01:00,Valencia,278.841,278.841,278.841,997,96,1,347,0,0,0,92,804,clouds,overcast clouds,04n
2015-01-07 00:00:00+01:00,Valencia,278.841,278.841,278.841,997,96,1,347,0,0,0,92,804,clouds,overcast clouds,04n
2015-01-07 01:00:00+01:00,Valencia,278.841,278.841,278.841,997,96,1,347,0,0,0,92,804,clouds,overcast clouds,04n
2015-01-07 02:00:00+01:00,Valencia,279.626,279.626,279.626,998,99,1,314,0.3,0,0,88,500,rain,light rain,10n
2015-01-07 03:00:00+01:00,Valencia,279.626,279.626,279.626,998,99,1,314,0.3,0,0,88,500,rain,light rain,10n
2015-01-07 04:00:00+01:00,Valencia,279.626,279.626,279.626,998,99,1,314,0.3,0,0,88,500,rain,light rain,10n
2015-01-07 05:00:00+01:00,Valencia,278.987,278.987,278.987,998,96,2,329,0,0,0,48,802,clouds,scattered clouds,03n
2015-01-07 06:00:00+01:00,Valencia,278.987,278.987,278.987,998,96,2,329,0,0,0,48,802,clouds,scattered clouds,03n
2015-01-07 07:00:00+01:00,Valencia,278.987,278.987,278.987,998,96,2,329,0,0,0,48,802,clouds,scattered clouds,03n
2015-01-07 08:00:00+01:00,Valencia,278.0316875,278.0316875,278.0316875,1029,90,1,344,0.3,0,0,68,500,rain,light rain,10
2015-01-07 09:00:00+01:00,Valencia,278.7733438,278.7733438,278.7733438,1030,86,2,342,0.3,0,0,80,500,rain,light rain,10
2015-01-07 10:00:00+01:00,Valencia,281.3868125,281.3868125,281.3868125,1011,83,1,296,0.3,0,0,27,500,rain,light rain,10
2015-01-07 11:00:00+01:00,Valencia,281.8165,281.8165,281.8165,1015,79,1,302,0.3,0,0,50,500,rain,light rain,10
2015-01-07 12:00:00+01:00,Valencia,284.118,284.118,284.118,1000,77,1,264,0,0,0,8,800,clear,sky is clear,02d
2015-01-07 13:00:00+01:00,Valencia,284.3325,284.3325,284.3325,1007,75,1,234,0.3,0,0,8,500,rain,light rain,10
2015-01-07 14:00:00+01:00,Valencia,284.1133438,284.1133438,284.1133438,1030,72,1,250,0.3,0,0,32,500,rain,light rain,10
2015-01-07 15:00:00+01:00,Valencia,284.5446875,284.5446875,284.5446875,1030,72,1,199,0.3,0,0,20,500,rain,light rain,10
2015-01-07 16:00:00+01:00,Valencia,281.38,281.38,281.38,1031,85,1,204,0.3,0,0,26,500,rain,light rain,10
2015-01-07 17:00:00+01:00,Valencia,283.01,283.01,283.01,1030,80,1,133,0.3,0,0,8,500,rain,light rain,10
2015-01-07 18:00:00+01:00,Valencia,281.04400000000004,281.04400000000004,281.04400000000004,1030,88,1,119,0.3,0,0,8,500,rain,light rain,10
2015-01-07 19:00:00+01:00,Valencia,280.3815,280.3815,280.3815,1031,87,1,138,0,0,0,26,802,clouds,scattered clouds,03
2015-01-07 20:00:00+01:00,Valencia,278.85,278.85,278.85,1032,93,1,136,0,0,0,32,802,clouds,scattered clouds,03n
2015-01-07 21:00:00+01:00,Valencia,278.25,278.25,278.25,1032,94,1,136,0,0,0,32,802,clouds,scattered clouds,03n
2015-01-07 22:00:00+01:00,Valencia,277.85,277.85,277.85,1033,94,1,220,0,0,0,50,802,clouds,scattered clouds,03
2015-01-07 23:00:00+01:00,Valencia,277.45,277.45,277.45,1033,95,2,305,0,0,0,68,803,clouds,broken clouds,04n
2015-01-08 00:00:00+01:00,Valencia,279.85,279.85,279.85,1033,94,2,305,0,0,0,68,803,clouds,broken clouds,04n
2015-01-08 01:00:00+01:00,Valencia,278.95,278.95,278.95,1033,94,1,303,0,0,0,46,802,clouds,scattered clouds,03
2015-01-08 02:00:00+01:00,Valencia,278.05,278.05,278.05,1033,95,1,302,0,0,0,24,801,clouds,few clouds,02n
2015-01-08 03:00:00+01:00,Valencia,277.25,277.25,277.25,1034,95,1,302,0,0,0,24,801,clouds,few clouds,02n
2015-01-08 04:00:00+01:00,Valencia,276.75,276.75,276.75,1034,95,1,302,0,0,0,24,801,clouds,few clouds,02n
2015-01-08 05:00:00+01:00,Valencia,276.45,276.45,276.45,1034,96,1,302,0,0,0,24,801,clouds,few clouds,02n
2015-01-08 06:00:00+01:00,Valencia,276.05,276.05,276.05,1034,95,1,286,0,0,0,0,800,clear,sky is clear,01n
2015-01-08 07:00:00+01:00,Valencia,275.55,275.55,275.55,1035,95,1,286,0,0,0,0,800,clear,sky is clear,01n
2015-01-08 08:00:00+01:00,Valencia,275.15,275.15,275.15,1036,95,1,286,0,0,0,0,800,clear,sky is clear,01d
2015-01-08 09:00:00+01:00,Valencia,278.35,278.35,278.35,1037,95,2,296,0,0,0,0,800,clear,sky is clear,01d
2015-01-08 10:00:00+01:00,Valencia,282.05,282.05,282.05,1037,82,2,296,0,0,0,0,800,clear,sky is clear,01d
2015-01-08 11:00:00+01:00,Valencia,284.25,284.25,284.25,1037,68,2,296,0,0,0,0,800,clear,sky is clear,01d
2015-01-08 12:00:00+01:00,Valencia,285.55,285.55,285.55,1037,65,1,158,0,0,0,0,800,clear,sky is clear,01d
2015-01-08 13:00:00+01:00,Valencia,286.85,286.85,286.85,1036,54,1,252,0,0,0,0,800,clear,sky is clear,01d
2015-01-08 14:00:00+01:00,Valencia,287.75,287.75,287.75,1036,52,1,222,0,0,0,0,800,clear,sky is clear,01d
2015-01-08 15:00:00+01:00,Valencia,289.05,289.05,289.05,1037,46,3,145,0,0,0,0,800,clear,sky is clear,01d
2015-01-08 16:00:00+01:00,Valencia,286.675,286.675,286.675,1037,55,2,155,0,0,0,0,800,clear,sky is clear,01
2015-01-08 17:00:00+01:00,Valencia,283.982,283.982,283.982,1037,69,1,213,0,0,0,0,800,clear,sky is clear,01
2015-01-08 18:00:00+01:00,Valencia,281.766,281.766,281.766,1038,76,1,199,0,0,0,0,800,clear,sky is clear,01
2015-01-08 19:00:00+01:00,Valencia,279.55,279.55,279.55,1038,84,1,186,0,0,0,0,800,clear,sky is clear,01n
2015-01-08 20:00:00+01:00,Valencia,278.85,278.85,278.85,1038,84,6,310,0,0,0,0,800,clear,sky is clear,01n
2015-01-08 21:00:00+01:00,Valencia,281.05,281.05,281.05,1039,72,3,359,0,0,0,0,800,clear,sky is clear,01n
2015-01-08 22:00:00+01:00,Valencia,280.25,280.25,280.25,1040,79,6,223,0,0,0,0,800,clear,sky is clear,01n
2015-01-08 23:00:00+01:00,Valencia,278.85,278.85,278.85,1040,80,1,27,0,0,0,0,800,clear,sky is clear,01n
2015-01-09 00:00:00+01:00,Valencia,277.75,277.75,277.75,1040,82,1,294,0,0,0,0,800,clear,sky is clear,01n
2015-01-09 01:00:00+01:00,Valencia,276.95,276.95,276.95,1040,83,1,294,0,0,0,0,800,clear,sky is clear,01n
2015-01-09 02:00:00+01:00,Valencia,277.45,277.45,277.45,1040,77,1,310,0,0,0,0,800,clear,sky is clear,01n
2015-01-09 03:00:00+01:00,Valencia,278.95,278.95,278.95,1041,70,1,310,0,0,0,0,800,clear,sky is clear,01n
2015-01-09 04:00:00+01:00,Valencia,277.05,277.05,277.05,1041,76,1,310,0,0,0,0,800,clear,sky is clear,01n
2015-01-09 05:00:00+01:00,Valencia,277,277,277,1041,76,1,310,0,0,0,0,800,clear,sky is clear,01
2015-01-09 06:00:00+01:00,Valencia,276.95,276.95,276.95,1041,77,1,311,0,0,0,0,800,clear,sky is clear,01n
2015-01-09 07:00:00+01:00,Valencia,276.6,276.6,276.6,1041,77,1,311,0,0,0,0,800,clear,sky is clear,01
2015-01-09 08:00:00+01:00,Valencia,276.25,276.25,276.25,1042,78,1,311,0,0,0,0,800,clear,sky is clear,01n
2015-01-09 09:00:00+01:00,Valencia,276.545,276.545,276.545,1042,77,1,305,0,0,0,0,800,clear,sky is clear,01
2015-01-09 10:00:00+01:00,Valencia,284.85,284.85,284.85,1042,53,2,303,0,0,0,0,800,clear,sky is clear,01d
2015-01-09 11:00:00+01:00,Valencia,282.295,282.295,282.295,1041,60,2,265,0,0,0,0,800,clear,sky is clear,01
2015-01-09 12:00:00+01:00,Valencia,287.75,287.75,287.75,1041,45,3,231,0,0,0,0,800,clear,sky is clear,01d
2015-01-09 13:00:00+01:00,Valencia,289.35,289.35,289.35,1040,41,4,242,0,0,0,0,800,clear,sky is clear,01
2015-01-09 14:00:00+01:00,Valencia,290.95,290.95,290.95,1039,37,6,254,0,0,0,0,800,clear,sky is clear,01d
2015-01-09 15:00:00+01:00,Valencia,289.956,289.956,289.956,1039,43,4,247,0,0,0,0,800,clear,sky is clear,01
2015-01-09 16:00:00+01:00,Valencia,286.8204063,286.8204063,286.8204063,1040,55,4,248,0,0,0,0,800,clear,sky is clear,01
2015-01-09 17:00:00+01:00,Valencia,286.1833125,286.1833125,286.1833125,1040,61,1,240,0,0,0,0,800,clear,sky is clear,01
2015-01-09 18:00:00+01:00,Valencia,283.4046563,283.4046563,283.4046563,1040,72,1,240,0,0,0,0,800,clear,sky is clear,01
2015-01-09 19:00:00+01:00,Valencia,285.278,285.278,285.278,1040,56,1,250,0,0,0,0,800,clear,sky is clear,01
2015-01-09 20:00:00+01:00,Valencia,284.05,284.05,284.05,1040,59,1,253,0,0,0,0,800,clear,sky is clear,01n
2015-01-09 21:00:00+01:00,Valencia,280.163,280.163,280.163,1040,70,1,253,0,0,0,0,800,clear,sky is clear,01
2015-01-09 22:00:00+01:00,Valencia,280.2604063,280.2604063,280.2604063,1039,70,1,257,0,0,0,0,800,clear,sky is clear,01
2015-01-09 23:00:00+01:00,Valencia,275.7093125,275.7093125,275.7093125,1039,83,1,257,0,0,0,0,800,clear,sky is clear,01
2015-01-10 00:00:00+01:00,Valencia,275.1426563,275.1426563,275.1426563,1039,85,1,260,0,0,0,0,800,clear,sky is clear,01
2015-01-10 01:00:00+01:00,Valencia,280.5315,280.5315,280.5315,1038,63,1,253,0,0,0,0,800,clear,sky is clear,01
2015-01-10 02:00:00+01:00,Valencia,281.95,281.95,281.95,1038,57,1,254,0,0,0,0,800,clear,sky is clear,01n
2015-01-10 03:00:00+01:00,Valencia,278.147,278.147,278.147,1037,72,1,262,0,0,0,0,800,clear,sky is clear,01
2015-01-10 04:00:00+01:00,Valencia,284.15,284.15,284.15,1036,45,8,294,0,0,0,0,800,clear,sky is clear,01n
2015-01-10 05:00:00+01:00,Valencia,279.797,279.797,279.797,1035,64,3,271,0,0,0,0,800,clear,sky is clear,01
2015-01-10 06:00:00+01:00,Valencia,285.25,285.25,285.25,1034,41,6,272,0,0,0,0,800,clear,sky is clear,01n
2015-01-10 07:00:00+01:00,Valencia,285.75,285.75,285.75,1034,37,4,287,0,0,0,0,800,clear,sky is clear,01
2015-01-10 08:00:00+01:00,Valencia,286.25,286.25,286.25,1034,34,3,303,0,0,0,0,800,clear,sky is clear,01n
2015-01-10 09:00:00+01:00,Valencia,282.5835,282.5835,282.5835,1034,49,2,298,0,0,0,0,800,clear,sky is clear,01
2015-01-10 10:00:00+01:00,Valencia,285.75,285.75,285.75,1034,43,1,298,0,0,0,0,800,clear,sky is clear,01d
2015-01-10 11:00:00+01:00,Valencia,284.8835,284.8835,284.8835,1034,47,5,277,0,0,0,0,800,clear,sky is clear,01
2015-01-10 12:00:00+01:00,Valencia,290.85,290.85,290.85,1033,30,8,261,0,0,0,0,800,clear,sky is clear,01d
2015-01-10 13:00:00+01:00,Valencia,292.4,292.4,292.4,1031,28,12,251,0,0,0,0,800,clear,sky is clear,01
2015-01-10 14:00:00+01:00,Valencia,293.95,293.95,293.95,1030,26,17,241,0,0,0,0,800,clear,sky is clear,01d
2015-01-10 15:00:00+01:00,Valencia,292.681,292.681,292.681,1030,38,9,244,0,0,0,0,800,clear,sky is clear,01
2015-01-10 16:00:00+01:00,Valencia,294.85,294.85,294.85,1028,25,3,285,0,0,0,0,800,clear,sky is clear,01d
2015-01-10 17:00:00+01:00,Valencia,291.231,291.231,291.231,1029,43,3,278,0,0,0,0,800,clear,sky is clear,01
2015-01-10 18:00:00+01:00,Valencia,291.05,291.05,291.05,1028,36,6,309,0,0,0,0,800,clear,sky is clear,01n
2015-01-10 19:00:00+01:00,Valencia,290.9,290.9,290.9,1028,35,7,298,0,0,0,0,800,clear,sky is clear,01
2015-01-10 20:00:00+01:00,Valencia,290.75,290.75,290.75,1028,34,8,287,0,0,0,0,800,clear,sky is clear,01n
2015-01-10 21:00:00+01:00,Valencia,290.15,290.15,290.15,1027,32,5,306,0,0,0,0,800,clear,sky is clear,01
2015-01-10 22:00:00+01:00,Valencia,289.55,289.55,289.55,1027,31,3,326,0,0,0,0,800,clear,sky is clear,01n
2015-01-10 23:00:00+01:00,Valencia,289,289,289,1027,31,8,311,0,0,0,0,800,clear,sky is clear,01
2015-01-11 00:00:00+01:00,Valencia,288.45,288.45,288.45,1026,32,12,297,0,0,0,0,800,clear,sky is clear,01n
2015-01-11 01:00:00+01:00,Valencia,288.05,288.05,288.05,1026,31,17,265,0,0,0,0,800,clear,sky is clear,01
2015-01-11 02:00:00+01:00,Valencia,287.65,287.65,287.65,1025,30,22,233,0,0,0,0,800,clear,sky is clear,01n
2015-01-11 03:00:00+01:00,Valencia,280.946,280.946,280.946,1026,59,11,242,0,0,0,0,800,clear,sky is clear,01
2015-01-11 04:00:00+01:00,Valencia,288.15,288.15,288.15,1025,24,4,255,0,0,0,0,800,clear,sky is clear,01n
2015-01-11 05:00:00+01:00,Valencia,279.996,279.996,279.996,1026,58,5,270,0,0,0,0,800,clear,sky is clear,01
2015-01-11 06:00:00+01:00,Valencia,285.75,285.75,285.75,1025,28,11,288,0,0,0,0,800,clear,sky is clear,01n
2015-01-11 07:00:00+01:00,Valencia,284.95,284.95,284.95,1026,31,9,294,0,0,0,0,800,clear,sky is clear,01
2015-01-11 08:00:00+01:00,Valencia,284.15,284.15,284.15,1026,34,8,301,0,0,0,0,800,clear,sky is clear,01n
2015-01-11 09:00:00+01:00,Valencia,285.55,285.55,285.55,1028,38,2,288,0,0,0,0,800,clear,sky is clear,01d
2015-01-11 10:00:00+01:00,Valencia,286.65,286.65,286.65,1028,39,2,288,0,0,0,0,800,clear,sky is clear,01d
2015-01-11 11:00:00+01:00,Valencia,288.25,288.25,288.25,1028,37,4,252,0,0,0,0,800,clear,sky is clear,01d
2015-01-11 12:00:00+01:00,Valencia,289.35,289.35,289.35,1027,36,8,231,0,0,0,20,801,clouds,few clouds,02d
2015-01-11 13:00:00+01:00,Valencia,291.05,291.05,291.05,1026,33,8,220,0,0,0,0,800,clear,sky is clear,01d
2015-01-11 14:00:00+01:00,Valencia,293.05,293.05,293.05,1025,33,3,343,0,0,0,0,800,clear,sky is clear,01d
2015-01-11 15:00:00+01:00,Valencia,293.95,293.95,293.95,1026,32,3,6,0,0,0,0,800,clear,sky is clear,01d
2015-01-11 16:00:00+01:00,Valencia,293.25,293.25,293.25,1027,35,3,343,0,0,0,0,800,clear,sky is clear,01d
2015-01-11 17:00:00+01:00,Valencia,290.35,290.35,290.35,1028,45,8,62,0,0,0,12,801,clouds,few clouds,02d
2015-01-11 18:00:00+01:00,Valencia,285.741,285.741,285.741,1030,59,4,202,0,0,0,6,800,clear,sky is clear,02
2015-01-11 19:00:00+01:00,Valencia,286.0833438,286.0833438,286.0833438,1030,59,3,24,0,0,0,4,800,clear,sky is clear,02
2015-01-11 20:00:00+01:00,Valencia,283.95,283.95,283.95,1031,66,1,5,0,0,0,0,800,clear,sky is clear,01n
2015-01-11 21:00:00+01:00,Valencia,281.55,281.55,281.55,1032,73,1,51,0,0,0,0,800,clear,sky is clear,01n
2015-01-11 22:00:00+01:00,Valencia,280.55,280.55,280.55,1033,76,1,51,0,0,0,0,800,clear,sky is clear,01n
2015-01-11 23:00:00+01:00,Valencia,279.95,279.95,279.95,1033,79,1,348,0,0,0,0,800,clear,sky is clear,01n
2015-01-12 00:00:00+01:00,Valencia,279.25,279.25,279.25,1034,84,1,348,0,0,0,0,800,clear,sky is clear,01n
2015-01-12 01:00:00+01:00,Valencia,278.95,278.95,278.95,1034,86,1,348,0,0,0,0,800,clear,sky is clear,01n
2015-01-12 02:00:00+01:00,Valencia,278.95,278.95,278.95,1034,86,1,349,0,0,0,92,804,clouds,overcast clouds,04n
2015-01-12 03:00:00+01:00,Valencia,279.45,279.45,279.45,1034,88,1,349,0,0,0,92,804,clouds,overcast clouds,04n
2015-01-12 04:00:00+01:00,Valencia,279.75,279.75,279.75,1033,91,1,349,0,0,0,92,804,clouds,overcast clouds,04n
2015-01-12 05:00:00+01:00,Valencia,279.35,279.35,279.35,1033,93,2,342,0,0,0,88,804,clouds,overcast clouds,04n
2015-01-12 06:00:00+01:00,Valencia,279.25,279.25,279.25,1034,94,2,342,0,0,0,88,804,clouds,overcast clouds,04n
2015-01-12 07:00:00+01:00,Valencia,278.25,278.25,278.25,1034,94,2,342,0,0,0,88,804,clouds,overcast clouds,04n
2015-01-12 08:00:00+01:00,Valencia,281.95,281.95,281.95,1034,88,3,332,0,0,0,92,804,clouds,overcast clouds,04d
2015-01-12 09:00:00+01:00,Valencia,283.35,283.35,283.35,1035,84,3,353,0,0,0,92,804,clouds,overcast clouds,04d
2015-01-12 10:00:00+01:00,Valencia,284.55,284.55,284.55,1035,82,1,45,0,0,0,92,804,clouds,overcast clouds,04d
2015-01-12 11:00:00+01:00,Valencia,286.15,286.15,286.15,1034,76,4,20,0,0,0,24,801,clouds,few clouds,02d
2015-01-12 12:00:00+01:00,Valencia,286.95,286.95,286.95,1033,70,1,142,0,0,0,24,801,clouds,few clouds,02d
2015-01-12 13:00:00+01:00,Valencia,288.05,288.05,288.05,1032,65,4,121,0,0,0,24,801,clouds,few clouds,02d
2015-01-12 14:00:00+01:00,Valencia,288.65,288.65,288.65,1031,62,4,120,0,0,0,0,800,clear,sky is clear,01d
2015-01-12 15:00:00+01:00,Valencia,289.65,289.65,289.65,1030,60,4,197,0,0,0,0,800,clear,sky is clear,01d
2015-01-12 16:00:00+01:00,Valencia,287.75,287.75,287.75,1030,72,1,135,0,0,0,0,800,clear,sky is clear,01d
2015-01-12 17:00:00+01:00,Valencia,285.85,285.85,285.85,1030,80,3,98,0,0,0,12,801,clouds,few clouds,02d
2015-01-12 18:00:00+01:00,Valencia,284.55,284.55,284.55,1031,85,1,147,0,0,0,12,801,clouds,few clouds,02n
2015-01-12 19:00:00+01:00,Valencia,282.85,282.85,282.85,1031,88,1,343,0,0,0,12,801,clouds,few clouds,02n
2015-01-12 20:00:00+01:00,Valencia,281.85,281.85,281.85,1031,91,1,148,0,0,0,48,802,clouds,scattered clouds,03n
2015-01-12 21:00:00+01:00,Valencia,282.05,282.05,282.05,1030,92,1,148,0,0,0,48,802,clouds,scattered clouds,03n
2015-01-12 22:00:00+01:00,Valencia,282.05,282.05,282.05,1030,90,1,148,0,0,0,48,802,clouds,scattered clouds,03
2015-01-12 23:00:00+01:00,Valencia,282.05,282.05,282.05,1030,88,1,148,0,0,0,48,802,clouds,scattered clouds,03n
2015-01-13 00:00:00+01:00,Valencia,281.05,281.05,281.05,1029,90,1,201,0,0,0,36,802,clouds,scattered clouds,03n
2015-01-13 01:00:00+01:00,Valencia,279.75,279.75,279.75,1028,87,1,201,0,0,0,36,802,clouds,scattered clouds,03n
2015-01-13 02:00:00+01:00,Valencia,279.35,279.35,279.35,1028,79,1,240,0,0,0,68,803,clouds,broken clouds,04n
2015-01-13 03:00:00+01:00,Valencia,278.65,278.65,278.65,1028,81,1,240,0,0,0,68,803,clouds,broken clouds,04n
2015-01-13 04:00:00+01:00,Valencia,278.65,278.65,278.65,1027,79,1,240,0,0,0,68,803,clouds,broken clouds,04n
2015-01-13 05:00:00+01:00,Valencia,278.75,278.75,278.75,1026,77,1,255,0,0,0,92,804,clouds,overcast clouds,04n
2015-01-13 06:00:00+01:00,Valencia,278.95,278.95,278.95,1026,76,1,255,0,0,0,92,804,clouds,overcast clouds,04n
2015-01-13 07:00:00+01:00,Valencia,278.95,278.95,278.95,1026,75,1,255,0,0,0,92,804,clouds,overcast clouds,04n
2015-01-13 08:00:00+01:00,Valencia,277.15,277.15,277.15,1027,82,2,260,0,0,0,32,802,clouds,scattered clouds,03d
2015-01-13 09:00:00+01:00,Valencia,279.35,279.35,279.35,1027,76,2,260,0,0,0,32,802,clouds,scattered clouds,03d
2015-01-13 10:00:00+01:00,Valencia,283.95,283.95,283.95,1027,62,6,236,0,0,0,32,802,clouds,scattered clouds,03d
2015-01-13 11:00:00+01:00,Valencia,287.55,287.55,287.55,1026,53,11,238,0,0,0,0,800,clear,sky is clear,01d
2015-01-13 12:00:00+01:00,Valencia,289.45,289.45,289.45,1025,48,6,287,0,0,0,0,800,clear,sky is clear,01d
2015-01-13 13:00:00+01:00,Valencia,290.95,290.95,290.95,1024,42,9,207,0,0,0,0,800,clear,sky is clear,01d
2015-01-13 14:00:00+01:00,Valencia,291.75,291.75,291.75,1023,36,25,251,0,0,0,0,800,clear,sky is clear,01d
2015-01-13 15:00:00+01:00,Valencia,292.35,292.35,292.35,1022,36,9,292,0,0,0,0,800,clear,sky is clear,01d
2015-01-13 16:00:00+01:00,Valencia,292.35,292.35,292.35,1022,36,4,292,0,0,0,0,800,clear,sky is clear,01d
2015-01-13 17:00:00+01:00,Valencia,290.35,290.35,290.35,1022,41,1,268,0,0,0,0,800,clear,sky is clear,01d
2015-01-13 18:00:00+01:00,Valencia,289.85,289.85,289.85,1023,40,1,295,0,0,0,0,800,clear,sky is clear,01n
2015-01-13 19:00:00+01:00,Valencia,289.05,289.05,289.05,1023,40,6,259,0,0,0,0,800,clear,sky is clear,01n
2015-01-13 20:00:00+01:00,Valencia,287.35,287.35,287.35,1024,45,3,241,0,0,0,0,800,clear,sky is clear,01n
2015-01-13 21:00:00+01:00,Valencia,283.95,283.95,283.95,1024,74,3,283,0,0,0,0,800,clear,sky is clear,01n
2015-01-13 22:00:00+01:00,Valencia,285.75,285.75,285.75,1024,56,3,283,0,0,0,0,800,clear,sky is clear,01n
2015-01-13 23:00:00+01:00,Valencia,286.85,286.85,286.85,1024,50,8,262,0,0,0,0,800,clear,sky is clear,01n
2015-01-14 00:00:00+01:00,Valencia,285.45,285.45,285.45,1024,53,4,328,0,0,0,0,800,clear,sky is clear,01n
2015-01-14 01:00:00+01:00,Valencia,285.55,285.55,285.55,1024,52,8,311,0,0,0,0,800,clear,sky is clear,01n
2015-01-14 02:00:00+01:00,Valencia,284.35,284.35,284.35,1024,56,11,317,0,0,0,0,800,clear,sky is clear,01n
2015-01-14 03:00:00+01:00,Valencia,284.85,284.85,284.85,1024,56,3,309,0,0,0,0,800,clear,sky is clear,01n
2015-01-14 04:00:00+01:00,Valencia,285.35,285.35,285.35,1024,55,6,20,0,0,0,0,800,clear,sky is clear,01n
2015-01-14 05:00:00+01:00,Valencia,285.45,285.45,285.45,1024,55,4,326,0,0,0,24,801,clouds,few clouds,02n
2015-01-14 06:00:00+01:00,Valencia,284.15,284.15,284.15,1024,59,1,288,0,0,0,24,801,clouds,few clouds,02n
2015-01-14 07:00:00+01:00,Valencia,283.85,283.85,283.85,1024,61,11,255,0,0,0,24,801,clouds,few clouds,02n
2015-01-14 08:00:00+01:00,Valencia,284.25,284.25,284.25,1025,58,4,285,0,0,0,0,800,clear,sky is clear,01d
2015-01-14 09:00:00+01:00,Valencia,284.85,284.85,284.85,1025,57,4,232,0,0,0,0,800,clear,sky is clear,01d
2015-01-14 10:00:00+01:00,Valencia,285.45,285.45,285.45,1026,58,11,252,0,0,0,0,800,clear,sky is clear,01d
2015-01-14 11:00:00+01:00,Valencia,286.95,286.95,286.95,1026,56,12,245,0,0,0,0,800,clear,sky is clear,01d
2015-01-14 12:00:00+01:00,Valencia,289.05,289.05,289.05,1025,47,11,230,0,0,0,0,800,clear,sky is clear,01d
2015-01-14 13:00:00+01:00,Valencia,290.75,290.75,290.75,1024,38,12,253,0,0,0,0,800,clear,sky is clear,01d
2015-01-14 14:00:00+01:00,Valencia,291.95,291.95,291.95,1023,37,1,257,0,0,0,0,800,clear,sky is clear,01d
2015-01-14 15:00:00+01:00,Valencia,291.35,291.35,291.35,1023,41,4,236,0,0,0,0,800,clear,sky is clear,01d
2015-01-14 16:00:00+01:00,Valencia,291.65,291.65,291.65,1023,40,1,335,0,0,0,0,800,clear,sky is clear,01d
2015-01-14 17:00:00+01:00,Valencia,290.45,290.45,290.45,1023,39,1,213,0,0,0,0,800,clear,sky is clear,01d
2015-01-14 18:00:00+01:00,Valencia,288.25,288.25,288.25,1023,45,2,246,0,0,0,0,800,clear,sky is clear,01n
2015-01-14 19:00:00+01:00,Valencia,288.35,288.35,288.35,1024,41,1,299,0,0,0,0,800,clear,sky is clear,01n
2015-01-14 20:00:00+01:00,Valencia,284.15,284.15,284.15,1024,74,1,344,0,0,0,0,800,clear,sky is clear,01n
2015-01-14 21:00:00+01:00,Valencia,281.65,281.65,281.65,1024,75,0,257,0,0,0,0,800,clear,sky is clear,01n
2015-01-14 22:00:00+01:00,Valencia,280.55,280.55,280.55,1024,84,0,257,0,0,0,0,800,clear,sky is clear,01n
2015-01-14 23:00:00+01:00,Valencia,279.75,279.75,279.75,1024,81,1,302,0,0,0,0,800,clear,sky is clear,01n
2015-01-15 00:00:00+01:00,Valencia,279.05,279.05,279.05,1024,78,1,302,0,0,0,0,800,clear,sky is clear,01n
2015-01-15 01:00:00+01:00,Valencia,279.55,279.55,279.55,1023,74,1,302,0,0,0,0,800,clear,sky is clear,01n
2015-01-15 02:00:00+01:00,Valencia,279.35,279.35,279.35,1022,74,1,275,0,0,0,0,800,clear,sky is clear,01n
2015-01-15 03:00:00+01:00,Valencia,280.95,280.95,280.95,1022,68,1,275,0,0,0,0,800,clear,sky is clear,01n
2015-01-15 04:00:00+01:00,Valencia,279.85,279.85,279.85,1021,71,1,275,0,0,0,0,800,clear,sky is clear,01n
2015-01-15 05:00:00+01:00,Valencia,280.45,280.45,280.45,1020,72,1,256,0,0,0,0,800,clear,sky is clear,01n
2015-01-15 06:00:00+01:00,Valencia,279.85,279.85,279.85,1020,73,1,256,0,0,0,0,800,clear,sky is clear,01n
2015-01-15 07:00:00+01:00,Valencia,280.25,280.25,280.25,1020,73,1,256,0,0,0,0,800,clear,sky is clear,01n
2015-01-15 08:00:00+01:00,Valencia,281.95,281.95,281.95,1020,65,1,255,0,0,0,0,800,clear,sky is clear,01d
2015-01-15 09:00:00+01:00,Valencia,285.55,285.55,285.55,1020,54,1,255,0,0,0,0,800,clear,sky is clear,01d
2015-01-15 10:00:00+01:00,Valencia,287.05,287.05,287.05,1020,50,3,288,0,0,0,0,800,clear,sky is clear,01d
2015-01-15 11:00:00+01:00,Valencia,288.75,288.75,288.75,1019,46,3,237,0,0,0,0,800,clear,sky is clear,01d
2015-01-15 12:00:00+01:00,Valencia,290.25,290.25,290.25,1018,43,6,284,0,0,0,0,800,clear,sky is clear,01d
2015-01-15 13:00:00+01:00,Valencia,291.05,291.05,291.05,1017,38,12,262,0,0,0,0,800,clear,sky is clear,01d
2015-01-15 14:00:00+01:00,Valencia,291.05,291.05,291.05,1016,36,6,316,0,0,0,0,800,clear,sky is clear,01d
2015-01-15 15:00:00+01:00,Valencia,291.55,291.55,291.55,1015,37,20,252,0,0,0,0,800,clear,sky is clear,01d
2015-01-15 16:00:00+01:00,Valencia,291.95,291.95,291.95,1014,38,3,269,0,0,0,0,800,clear,sky is clear,01d
2015-01-15 17:00:00+01:00,Valencia,290.75,290.75,290.75,1014,41,9,314,0,0,0,0,800,clear,sky is clear,01d
2015-01-15 18:00:00+01:00,Valencia,289.282,289.282,289.282,1014,46,7,283,0,0,0,0,800,clear,sky is clear,01
2015-01-15 19:00:00+01:00,Valencia,288.8540000000001,288.8540000000001,288.8540000000001,1013,48,7,288,0,0,0,27,802,clouds,scattered clouds,03
2015-01-15 20:00:00+01:00,Valencia,287.2126875,287.2126875,287.2126875,1013,54,5,251,0,0,0,22,801,clouds,few clouds,02
2015-01-15 21:00:00+01:00,Valencia,286.6113125,286.6113125,286.6113125,1013,57,4,250,0,0,0,45,802,clouds,scattered clouds,03
2015-01-15 22:00:00+01:00,Valencia,286.2915,286.2915,286.2915,1012,56,5,252,0,0,0,21,801,clouds,few clouds,02
2015-01-15 23:00:00+01:00,Valencia,285.5963438,285.5963438,285.5963438,1012,60,4,250,0,0,0,60,803,clouds,broken clouds,04
2015-01-16 00:00:00+01:00,Valencia,285.1826875,285.1826875,285.1826875,1012,61,5,251,0,0,0,52,803,clouds,broken clouds,04
2015-01-16 01:00:00+01:00,Valencia,286.75,286.75,286.75,1011,55,3,233,0,0,0,44,802,clouds,scattered clouds,03n
2015-01-16 02:00:00+01:00,Valencia,287.05,287.05,287.05,1011,53,4,271,0,0,0,36,802,clouds,scattered clouds,03n
2015-01-16 03:00:00+01:00,Valencia,286.65,286.65,286.65,1010,54,9,231,0,0,0,36,802,clouds,scattered clouds,03n
2015-01-16 04:00:00+01:00,Valencia,285.95,285.95,285.95,1009,58,6,273,0,0,0,36,802,clouds,scattered clouds,03n
2015-01-16 05:00:00+01:00,Valencia,285.25,285.25,285.25,1009,61,6,242,0,0,0,76,803,clouds,broken clouds,04n
2015-01-16 06:00:00+01:00,Valencia,284.55,284.55,284.55,1009,64,6,253,0,0,0,76,803,clouds,broken clouds,04n
2015-01-16 07:00:00+01:00,Valencia,285.45,285.45,285.45,1008,63,3,237,0,0,0,76,803,clouds,broken clouds,04n
2015-01-16 08:00:00+01:00,Valencia,285.35,285.35,285.35,1009,68,4,283,0,0,0,56,803,clouds,broken clouds,04d
2015-01-16 09:00:00+01:00,Valencia,285.25,285.25,285.25,1009,65,9,321,0,0,0,56,803,clouds,broken clouds,04d
2015-01-16 10:00:00+01:00,Valencia,284.75,284.75,284.75,1011,62,3,307,0,0,0,56,803,clouds,broken clouds,04d
2015-01-16 11:00:00+01:00,Valencia,284.35,284.35,284.35,1012,55,27,311,0,0,0,20,801,clouds,few clouds,02d
2015-01-16 12:00:00+01:00,Valencia,284.35,284.35,284.35,1012,52,8,285,0,0,0,20,801,clouds,few clouds,02d
2015-01-16 13:00:00+01:00,Valencia,284.95,284.95,284.95,1012,49,30,255,0,0,0,20,801,clouds,few clouds,02d
2015-01-16 14:00:00+01:00,Valencia,285.05,285.05,285.05,1012,51,4,309,0,0,0,0,800,clear,sky is clear,01d
2015-01-16 15:00:00+01:00,Valencia,285.85,285.85,285.85,1012,43,11,218,0,0,0,0,800,clear,sky is clear,01d
2015-01-16 16:00:00+01:00,Valencia,286.05,286.05,286.05,1012,37,6,264,0,0,0,0,800,clear,sky is clear,01d
2015-01-16 17:00:00+01:00,Valencia,284.421,284.421,284.421,1013,41,9,265,0,0,0,0,800,clear,sky is clear,01
2015-01-16 18:00:00+01:00,Valencia,283.55,283.55,283.55,1015,42,11,245,0,0,0,0,800,clear,sky is clear,01n
2015-01-16 19:00:00+01:00,Valencia,282.85,282.85,282.85,1016,46,4,240,0,0,0,0,800,clear,sky is clear,01n
2015-01-16 20:00:00+01:00,Valencia,282.35,282.35,282.35,1017,48,3,314,0,0,0,0,800,clear,sky is clear,01n
2015-01-16 21:00:00+01:00,Valencia,281.95,281.95,281.95,1017,50,11,270,0,0,0,0,800,clear,sky is clear,01n
2015-01-16 22:00:00+01:00,Valencia,281.45,281.45,281.45,1018,54,6,229,0,0,0,0,800,clear,sky is clear,01n
2015-01-16 23:00:00+01:00,Valencia,280.65,280.65,280.65,1018,58,12,264,0,0,0,0,800,clear,sky is clear,01n
2015-01-17 00:00:00+01:00,Valencia,280.55,280.55,280.55,1019,62,1,223,0,0,0,0,800,clear,sky is clear,01n
2015-01-17 01:00:00+01:00,Valencia,280.05,280.05,280.05,1019,64,4,6,0,0,0,0,800,clear,sky is clear,01n
2015-01-17 02:00:00+01:00,Valencia,279.45,279.45,279.45,1020,66,4,288,0,0,0,0,800,clear,sky is clear,01n
2015-01-17 03:00:00+01:00,Valencia,279.05,279.05,279.05,1020,69,6,278,0,0,0,0,800,clear,sky is clear,01n
2015-01-17 04:00:00+01:00,Valencia,279.25,279.25,279.25,1020,65,3,302,0,0,0,0,800,clear,sky is clear,01n
2015-01-17 05:00:00+01:00,Valencia,278.95,278.95,278.95,1020,62,3,302,0,0,0,0,800,clear,sky is clear,01n
2015-01-17 06:00:00+01:00,Valencia,278.35,278.35,278.35,1020,64,12,246,0,0,0,0,800,clear,sky is clear,01n
2015-01-17 07:00:00+01:00,Valencia,278.05,278.05,278.05,1021,63,9,281,0,0,0,0,800,clear,sky is clear,01n
2015-01-17 08:00:00+01:00,Valencia,278.25,278.25,278.25,1021,60,8,277,0,0,0,0,800,clear,sky is clear,01d
2015-01-17 09:00:00+01:00,Valencia,279.85,279.85,279.85,1021,54,1,231,0,0,0,0,800,clear,sky is clear,01d
2015-01-17 10:00:00+01:00,Valencia,281.85,281.85,281.85,1022,49,4,263,0,0,0,0,800,clear,sky is clear,01d
2015-01-17 11:00:00+01:00,Valencia,283.25,283.25,283.25,1022,45,3,311,0,0,0,0,800,clear,sky is clear,01d
2015-01-17 12:00:00+01:00,Valencia,284.25,284.25,284.25,1022,40,2,288,0,0,0,0,800,clear,sky is clear,01d
2015-01-17 13:00:00+01:00,Valencia,284.85,284.85,284.85,1021,38,6,229,0,0,0,0,800,clear,sky is clear,01d
2015-01-17 14:00:00+01:00,Valencia,286.25,286.25,286.25,1020,36,2,294,0,0,0,0,800,clear,sky is clear,01d
2015-01-17 15:00:00+01:00,Valencia,286.75,286.75,286.75,1020,33,1,334,0,0,0,0,800,clear,sky is clear,01d
2015-01-17 16:00:00+01:00,Valencia,286.45,286.45,286.45,1020,34,3,75,0,0,0,0,800,clear,sky is clear,01d
2015-01-17 17:00:00+01:00,Valencia,285.65,285.65,285.65,1020,36,1,258,0,0,0,0,800,clear,sky is clear,01d
2015-01-17 18:00:00+01:00,Valencia,279.95,279.95,279.95,1020,56,1,258,0,0,0,0,800,clear,sky is clear,01n
2015-01-17 19:00:00+01:00,Valencia,278.35,278.35,278.35,1020,61,1,258,0,0,0,0,800,clear,sky is clear,01n
2015-01-17 20:00:00+01:00,Valencia,280.95,280.95,280.95,1021,44,3,245,0,0,0,0,800,clear,sky is clear,01n
2015-01-17 21:00:00+01:00,Valencia,280.05,280.05,280.05,1021,45,3,280,0,0,0,0,800,clear,sky is clear,01n
2015-01-17 22:00:00+01:00,Valencia,280.35,280.35,280.35,1021,43,3,286,0,0,0,0,800,clear,sky is clear,01n
2015-01-17 23:00:00+01:00,Valencia,279.95,279.95,279.95,1021,45,4,296,0,0,0,0,800,clear,sky is clear,01n
2015-01-18 00:00:00+01:00,Valencia,279.75,279.75,279.75,1021,45,9,313,0,0,0,0,800,clear,sky is clear,01n
2015-01-18 01:00:00+01:00,Valencia,279.35,279.35,279.35,1021,47,3,302,0,0,0,0,800,clear,sky is clear,01n
2015-01-18 02:00:00+01:00,Valencia,278.95,278.95,278.95,1020,49,6,338,0,0,0,20,801,clouds,few clouds,02n
2015-01-18 03:00:00+01:00,Valencia,279.25,279.25,279.25,1020,48,4,5,0,0,0,20,801,clouds,few clouds,02n
2015-01-18 04:00:00+01:00,Valencia,277.75,277.75,277.75,1019,53,4,298,0,0,0,20,801,clouds,few clouds,02n
2015-01-18 05:00:00+01:00,Valencia,277.25,277.25,277.25,1019,56,3,260,0,0,0,20,801,clouds,few clouds,02n
2015-01-18 06:00:00+01:00,Valencia,276.85,276.85,276.85,1018,61,3,220,0,0,0,20,801,clouds,few clouds,02n
2015-01-18 07:00:00+01:00,Valencia,276.85,276.85,276.85,1018,60,4,257,0,0,0,20,801,clouds,few clouds,02n
2015-01-18 08:00:00+01:00,Valencia,276.55,276.55,276.55,1018,63,1,261,0,0,0,64,803,clouds,broken clouds,04d
2015-01-18 09:00:00+01:00,Valencia,276.85,276.85,276.85,1018,66,1,205,0,0,0,64,803,clouds,broken clouds,04d
2015-01-18 10:00:00+01:00,Valencia,278.75,278.75,278.75,1018,59,1,261,0,0,0,64,803,clouds,broken clouds,04d
2015-01-18 11:00:00+01:00,Valencia,281.35,281.35,281.35,1017,51,1,210,0,0,0,92,804,clouds,overcast clouds,04d
2015-01-18 12:00:00+01:00,Valencia,283.05,283.05,283.05,1016,46,1,243,0,0,0,92,804,clouds,overcast clouds,04d
2015-01-18 13:00:00+01:00,Valencia,283.75,283.75,283.75,1015,46,9,210,0,0,0,92,804,clouds,overcast clouds,04d
2015-01-18 14:00:00+01:00,Valencia,283.95,283.95,283.95,1013,49,3,76,0,0,0,68,803,clouds,broken clouds,04d
2015-01-18 15:00:00+01:00,Valencia,284.25,284.25,284.25,1012,48,3,154,0,0,0,68,803,clouds,broken clouds,04d
2015-01-18 16:00:00+01:00,Valencia,283.5,283.5,283.5,1012,50,4,82,0,0,0,80,803,clouds,broken clouds,04
2015-01-18 17:00:00+01:00,Valencia,282.75,282.75,282.75,1011,52,6,11,0,0,0,92,804,clouds,overcast clouds,04d
2015-01-18 18:00:00+01:00,Valencia,281.85,281.85,281.85,1010,56,1,207,0,0,0,92,804,clouds,overcast clouds,04n
2015-01-18 19:00:00+01:00,Valencia,281.65,281.65,281.65,1011,59,4,239,0,0,0,92,804,clouds,overcast clouds,04n
2015-01-18 20:00:00+01:00,Valencia,279.45,279.45,279.45,1010,81,6,300,0.3,0,0,92,500,rain,light rain,10n
2015-01-18 21:00:00+01:00,Valencia,278.95,278.95,278.95,1010,87,1,356,0.3,0,0,92,500,rain,light rain,10n
2015-01-18 22:00:00+01:00,Valencia,278.65,278.65,278.65,1009,90,1,307,0.3,0,0,92,500,rain,light rain,10n
2015-01-18 23:00:00+01:00,Valencia,278.55,278.55,278.55,1009,91,1,251,0.3,0,0,92,500,rain,light rain,10n
2015-01-19 00:00:00+01:00,Valencia,278.35,278.35,278.35,1007,93,1,265,0.3,0,0,92,500,rain,light rain,10n
2015-01-19 01:00:00+01:00,Valencia,278.25,278.25,278.25,1007,94,1,265,0.3,0,0,92,500,rain,light rain,10n
2015-01-19 02:00:00+01:00,Valencia,278.25,278.25,278.25,1006,94,1,335,0.3,0,0,92,500,rain,light rain,10n
2015-01-19 03:00:00+01:00,Valencia,278.45,278.45,278.45,1006,91,1,231,0.3,0,0,92,500,rain,light rain,10n
2015-01-19 04:00:00+01:00,Valencia,278.35,278.35,278.35,1005,93,1,335,0.3,0,0,92,500,rain,light rain,10n
2015-01-19 05:00:00+01:00,Valencia,278.25,278.25,278.25,1005,95,1,336,0.3,0,0,92,500,rain,light rain,10n
2015-01-19 06:00:00+01:00,Valencia,278.15,278.15,278.15,1006,94,4,9,0.3,0,0,92,500,rain,light rain,10n
2015-01-19 07:00:00+01:00,Valencia,278.25,278.25,278.25,1006,94,3,9,0.3,0,0,92,500,rain,light rain,10n
2015-01-19 08:00:00+01:00,Valencia,278.35,278.35,278.35,1007,93,3,19,0.3,0,0,92,500,rain,light rain,10d
2015-01-19 09:00:00+01:00,Valencia,278.55,278.55,278.55,1007,93,2,317,0.3,0,0,92,500,rain,light rain,10d
2015-01-19 10:00:00+01:00,Valencia,278.95,278.95,278.95,1008,91,2,317,0.3,0,0,92,500,rain,light rain,10d
2015-01-19 11:00:00+01:00,Valencia,279.45,279.45,279.45,1009,92,5,10,0,0,0,92,804,clouds,overcast clouds,04d
2015-01-19 12:00:00+01:00,Valencia,280.25,280.25,280.25,1008,87,9,294,0,0,0,92,804,clouds,overcast clouds,04d
2015-01-19 13:00:00+01:00,Valencia,280.55,280.55,280.55,1008,86,1,347,0,0,0,92,804,clouds,overcast clouds,04d
2015-01-19 14:00:00+01:00,Valencia,280.85,280.85,280.85,1008,83,4,6,0,0,0,92,804,clouds,overcast clouds,04d
2015-01-19 15:00:00+01:00,Valencia,280.55,280.55,280.55,1008,87,3,263,0,0,0,92,804,clouds,overcast clouds,04d
2015-01-19 16:00:00+01:00,Valencia,280.571,280.571,280.571,1008,79,3,286,0.3,0,0,91,500,rain,light rain,10
2015-01-19 17:00:00+01:00,Valencia,281.748,281.748,281.748,1008,54,4,126,0.3,0,0,90,500,rain,light rain,10
2015-01-19 18:00:00+01:00,Valencia,281.191,281.191,281.191,1008,55,4,240,0.3,0,0,89,500,rain,light rain,10
2015-01-19 19:00:00+01:00,Valencia,279.8775,279.8775,279.8775,1009,62,3,114,0,0,0,56,803,clouds,broken clouds,04
2015-01-19 20:00:00+01:00,Valencia,279.5726563,279.5726563,279.5726563,1010,62,3,309,0,0,0,65,803,clouds,broken clouds,04
2015-01-19 21:00:00+01:00,Valencia,278.5113125,278.5113125,278.5113125,1010,67,2,263,0,0,0,42,802,clouds,scattered clouds,03
2015-01-19 22:00:00+01:00,Valencia,277.45,277.45,277.45,1011,73,1,218,0,0,0,20,801,clouds,few clouds,02n
2015-01-19 23:00:00+01:00,Valencia,276.2,276.2,276.2,1011,76,2,269,0,0,0,26,802,clouds,scattered clouds,03
2015-01-20 00:00:00+01:00,Valencia,274.95,274.95,274.95,1011,80,3,321,0,0,0,32,802,clouds,scattered clouds,03n
2015-01-20 01:00:00+01:00,Valencia,276.45,276.45,276.45,1011,69,6,258,0,0,0,32,802,clouds,scattered clouds,03n
2015-01-20 02:00:00+01:00,Valencia,276.25,276.25,276.25,1011,67,4,311,0,0,0,44,802,clouds,scattered clouds,03n
2015-01-20 03:00:00+01:00,Valencia,275.85,275.85,275.85,1011,68,1,227,0,0,0,44,802,clouds,scattered clouds,03n
2015-01-20 04:00:00+01:00,Valencia,275.75,275.75,275.75,1010,67,11,256,0,0,0,44,802,clouds,scattered clouds,03n
2015-01-20 05:00:00+01:00,Valencia,275.75,275.75,275.75,1010,66,4,304,0,0,0,44,802,clouds,scattered clouds,03n
2015-01-20 06:00:00+01:00,Valencia,274.85,274.85,274.85,1010,71,3,288,0,0,0,44,802,clouds,scattered clouds,03n
2015-01-20 07:00:00+01:00,Valencia,275.75,275.75,275.75,1010,66,4,265,0,0,0,44,802,clouds,scattered clouds,03n
2015-01-20 08:00:00+01:00,Valencia,275.45,275.45,275.45,1010,68,8,271,0,0,0,64,803,clouds,broken clouds,04d
2015-01-20 09:00:00+01:00,Valencia,277.35,277.35,277.35,1010,61,3,305,0,0,0,64,803,clouds,broken clouds,04d
2015-01-20 10:00:00+01:00,Valencia,279,279,279,1010,57,3,305,0,0,0,70,803,clouds,broken clouds,04
2015-01-20 11:00:00+01:00,Valencia,280.65,280.65,280.65,1010,53,3,305,0,0,0,76,803,clouds,broken clouds,04d
2015-01-20 12:00:00+01:00,Valencia,280.75,280.75,280.75,1009,56,3,305,0,0,0,76,803,clouds,broken clouds,04d
2015-01-20 13:00:00+01:00,Valencia,282.55,282.55,282.55,1009,43,1,338,0,0,0,76,803,clouds,broken clouds,04d
2015-01-20 14:00:00+01:00,Valencia,282.65,282.65,282.65,1008,49,3,84,0,0,0,68,803,clouds,broken clouds,04d
2015-01-20 15:00:00+01:00,Valencia,282.85,282.85,282.85,1008,52,2,306,0,0,0,68,803,clouds,broken clouds,04d
2015-01-20 16:00:00+01:00,Valencia,282.95,282.95,282.95,1008,52,2,306,0,0,0,68,803,clouds,broken clouds,04
2015-01-20 17:00:00+01:00,Valencia,283.05,283.05,283.05,1008,53,2,306,0,0,0,68,803,clouds,broken clouds,04d
2015-01-20 18:00:00+01:00,Valencia,279.65,279.65,279.65,1008,68,1,314,0,0,0,76,803,clouds,broken clouds,04n
2015-01-20 19:00:00+01:00,Valencia,276.95,276.95,276.95,1009,79,1,314,0,0,0,76,803,clouds,broken clouds,04n
2015-01-20 20:00:00+01:00,Valencia,275.85,275.85,275.85,1009,81,1,320,0,0,0,20,801,clouds,few clouds,02n
2015-01-20 21:00:00+01:00,Valencia,275.15,275.15,275.15,1009,81,1,320,0,0,0,20,801,clouds,few clouds,02n
2015-01-20 22:00:00+01:00,Valencia,275.1,275.1,275.1,1010,81,1,320,0,0,0,20,801,clouds,few clouds,02
2015-01-20 23:00:00+01:00,Valencia,275.05,275.05,275.05,1010,81,1,320,0,0,0,20,801,clouds,few clouds,02n
2015-01-21 00:00:00+01:00,Valencia,279.35,279.35,279.35,1010,60,2,287,0,0,0,64,803,clouds,broken clouds,04n
2015-01-21 01:00:00+01:00,Valencia,277.95,277.95,277.95,1010,65,2,287,0,0,0,64,803,clouds,broken clouds,04n
2015-01-21 02:00:00+01:00,Valencia,275.762,275.762,275.762,1010,74,2,282,0,0,0,53,803,clouds,broken clouds,04
2015-01-21 03:00:00+01:00,Valencia,273.574,273.574,273.574,1009,84,2,278,0,0,0,42,802,clouds,scattered clouds,03
2015-01-21 04:00:00+01:00,Valencia,276.25,276.25,276.25,1009,71,1,319,0,0,0,64,803,clouds,broken clouds,04n
2015-01-21 05:00:00+01:00,Valencia,273.918,273.918,273.918,1009,82,7,251,0,0,0,34,802,clouds,scattered clouds,03
2015-01-21 06:00:00+01:00,Valencia,276.45,276.45,276.45,1009,71,12,229,0,0,0,36,802,clouds,scattered clouds,03n
2015-01-21 07:00:00+01:00,Valencia,277.85,277.85,277.85,1009,68,9,264,0,0,0,36,802,clouds,scattered clouds,03n
2015-01-21 08:00:00+01:00,Valencia,278.35,278.35,278.35,1009,68,11,238,0,0,0,20,801,clouds,few clouds,02d
2015-01-21 09:00:00+01:00,Valencia,278.85,278.85,278.85,1010,67,8,239,0,0,0,20,801,clouds,few clouds,02
2015-01-21 10:00:00+01:00,Valencia,279.35,279.35,279.35,1010,66,6,240,0,0,0,20,801,clouds,few clouds,02d
2015-01-21 11:00:00+01:00,Valencia,280.8446563,280.8446563,280.8446563,1009,59,5,246,0,0,0,24,801,clouds,few clouds,02
2015-01-21 12:00:00+01:00,Valencia,282.3393125,282.3393125,282.3393125,1008,53,4,253,0,0,0,28,802,clouds,scattered clouds,03
2015-01-21 13:00:00+01:00,Valencia,281.75,281.75,281.75,1009,62,9,326,0,0,0,0,800,clear,sky is clear,01d
2015-01-21 14:00:00+01:00,Valencia,283.7920000000001,283.7920000000001,283.7920000000001,1007,51,8,240,0,0,0,26,802,clouds,scattered clouds,03
2015-01-21 15:00:00+01:00,Valencia,283.75,283.75,283.75,1007,55,12,220,0,0,0,20,801,clouds,few clouds,02d
2015-01-21 16:00:00+01:00,Valencia,283.35,283.35,283.35,1006,49,14,311,0,0,0,20,801,clouds,few clouds,02d
2015-01-21 17:00:00+01:00,Valencia,280.95,280.95,280.95,1007,66,6,293,0,0,0,88,804,clouds,overcast clouds,04d
2015-01-21 18:00:00+01:00,Valencia,280.66900000000004,280.66900000000004,280.66900000000004,1007,62,6,290,0,0,0,88,804,clouds,overcast clouds,04
2015-01-21 19:00:00+01:00,Valencia,280.05,280.05,280.05,1008,70,14,321,0,0,0,88,804,clouds,overcast clouds,04n
2015-01-21 20:00:00+01:00,Valencia,279.35,279.35,279.35,1008,73,6,249,0,0,0,56,803,clouds,broken clouds,04n
2015-01-21 21:00:00+01:00,Valencia,278.95,278.95,278.95,1008,75,6,281,0,0,0,56,803,clouds,broken clouds,04n
2015-01-21 22:00:00+01:00,Valencia,279.25,279.25,279.25,1008,73,9,271,0,0,0,56,803,clouds,broken clouds,04n
2015-01-21 23:00:00+01:00,Valencia,278.85,278.85,278.85,1008,73,6,230,0,0,0,12,801,clouds,few clouds,02n
2015-01-22 00:00:00+01:00,Valencia,278.85,278.85,278.85,1008,69,4,326,0,0,0,12,801,clouds,few clouds,02n
2015-01-22 01:00:00+01:00,Valencia,279.15,279.15,279.15,1008,64,9,297,0,0,0,12,801,clouds,few clouds,02n
2015-01-22 02:00:00+01:00,Valencia,278.35,278.35,278.35,1008,66,8,251,0,0,0,76,803,clouds,broken clouds,04n
2015-01-22 03:00:00+01:00,Valencia,278.15,278.15,278.15,1008,68,4,280,0,0,0,76,803,clouds,broken clouds,04n
2015-01-22 04:00:00+01:00,Valencia,278.25,278.25,278.25,1008,68,4,250,0,0,0,76,803,clouds,broken clouds,04n
2015-01-22 05:00:00+01:00,Valencia,278.75,278.75,278.75,1009,66,6,284,0,0,0,92,804,clouds,overcast clouds,04n
2015-01-22 06:00:00+01:00,Valencia,278.45,278.45,278.45,1009,68,6,218,0,0,0,92,804,clouds,overcast clouds,04n
2015-01-22 07:00:00+01:00,Valencia,278.55,278.55,278.55,1009,66,11,236,0,0,0,92,804,clouds,overcast clouds,04n
2015-01-22 08:00:00+01:00,Valencia,278.35,278.35,278.35,1010,68,4,308,0,0,0,76,803,clouds,broken clouds,04d
2015-01-22 09:00:00+01:00,Valencia,279.25,279.25,279.25,1011,64,9,266,0,0,0,76,803,clouds,broken clouds,04d
2015-01-22 10:00:00+01:00,Valencia,280.25,280.25,280.25,1011,62,4,257,0,0,0,76,803,clouds,broken clouds,04d
2015-01-22 11:00:00+01:00,Valencia,282.05,282.05,282.05,1011,54,3,316,0,0,0,64,803,clouds,broken clouds,04d
2015-01-22 12:00:00+01:00,Valencia,282.85,282.85,282.85,1011,51,8,304,0,0,0,64,803,clouds,broken clouds,04d
2015-01-22 13:00:00+01:00,Valencia,283.85,283.85,283.85,1011,51,11,301,0,0,0,64,803,clouds,broken clouds,04d
2015-01-22 14:00:00+01:00,Valencia,283.85,283.85,283.85,1011,47,8,342,0.3,0,0,32,500,rain,light rain,10d
2015-01-22 15:00:00+01:00,Valencia,284.05,284.05,284.05,1011,44,3,163,0,0,0,36,802,clouds,scattered clouds,03d
2015-01-22 16:00:00+01:00,Valencia,284.4,284.4,284.4,1012,43,11,256,0.3,0,0,34,500,rain,light rain,10
2015-01-22 17:00:00+01:00,Valencia,284.75,284.75,284.75,1012,42,19,349,0.3,0,0,32,500,rain,light rain,10d
2015-01-22 18:00:00+01:00,Valencia,281.9405,281.9405,281.9405,1013,51,11,345,0,0,0,16,801,clouds,few clouds,02
2015-01-22 19:00:00+01:00,Valencia,282.25,282.25,282.25,1014,53,6,328,0,0,0,0,800,clear,sky is clear,01n
2015-01-22 20:00:00+01:00,Valencia,279.7405,279.7405,279.7405,1015,59,3,321,0,0,0,0,800,clear,sky is clear,01
2015-01-22 21:00:00+01:00,Valencia,280.35,280.35,280.35,1016,58,3,301,0,0,0,0,800,clear,sky is clear,01n
2015-01-22 22:00:00+01:00,Valencia,280.15,280.15,280.15,1016,58,3,299,0,0,0,0,800,clear,sky is clear,01
2015-01-22 23:00:00+01:00,Valencia,279.95,279.95,279.95,1016,59,3,297,0,0,0,0,800,clear,sky is clear,01n
2015-01-23 00:00:00+01:00,Valencia,277.5405,277.5405,277.5405,1016,69,3,305,0,0,0,0,800,clear,sky is clear,01
2015-01-23 01:00:00+01:00,Valencia,280.25,280.25,280.25,1016,52,3,314,0,0,0,0,800,clear,sky is clear,01n
2015-01-23 02:00:00+01:00,Valencia,279.15,279.15,279.15,1016,58,3,301,0,0,0,0,800,clear,sky is clear,01n
2015-01-23 03:00:00+01:00,Valencia,277.256,277.256,277.256,1017,68,3,313,0,0,0,0,800,clear,sky is clear,01
2015-01-23 04:00:00+01:00,Valencia,278.05,278.05,278.05,1016,63,3,278,0,0,0,0,800,clear,sky is clear,01n
2015-01-23 05:00:00+01:00,Valencia,277.106,277.106,277.106,1017,68,3,326,0,0,0,0,800,clear,sky is clear,01
2015-01-23 06:00:00+01:00,Valencia,278.85,278.85,278.85,1017,57,3,327,0,0,0,0,800,clear,sky is clear,01n
2015-01-23 07:00:00+01:00,Valencia,278.65,278.65,278.65,1017,57,8,300,0,0,0,0,800,clear,sky is clear,01n
2015-01-23 08:00:00+01:00,Valencia,279.75,279.75,279.75,1018,50,3,311,0,0,0,0,800,clear,sky is clear,01d
2015-01-23 09:00:00+01:00,Valencia,281.5,281.5,281.5,1018,45,3,326,0,0,0,0,800,clear,sky is clear,01
2015-01-23 10:00:00+01:00,Valencia,283.25,283.25,283.25,1019,40,4,341,0,0,0,0,800,clear,sky is clear,01d
2015-01-23 11:00:00+01:00,Valencia,283.8833438,283.8833438,283.8833438,1019,37,5,347,0,0,0,0,800,clear,sky is clear,01
2015-01-23 12:00:00+01:00,Valencia,284.5166563,284.5166563,284.5166563,1019,34,5,353,0,0,0,0,800,clear,sky is clear,01
2015-01-23 13:00:00+01:00,Valencia,285.15,285.15,285.15,1018,32,6,359,0,0,0,0,800,clear,sky is clear,01d
2015-01-23 14:00:00+01:00,Valencia,285.45,285.45,285.45,1018,31,4,190,0,0,0,0,800,clear,sky is clear,01
2015-01-23 15:00:00+01:00,Valencia,285.75,285.75,285.75,1018,31,3,22,0,0,0,0,800,clear,sky is clear,01d
2015-01-23 16:00:00+01:00,Valencia,286,286,286,1018,32,4,176,0,0,0,0,800,clear,sky is clear,01
2015-01-23 17:00:00+01:00,Valencia,286.25,286.25,286.25,1018,33,6,330,0,0,0,0,800,clear,sky is clear,01d
2015-01-23 18:00:00+01:00,Valencia,283.4785,283.4785,283.4785,1019,42,6,334,0,0,0,0,800,clear,sky is clear,01
2015-01-23 19:00:00+01:00,Valencia,283.25,283.25,283.25,1019,32,9,358,0,0,0,0,800,clear,sky is clear,01n
